{"cameraMode":{"drawMode":0,"name":"Shaded","section":"Shading Mode"},"sceneLighting":true,"audioPlay":false,"sceneViewState":{"showFog":true,"showMaterialUpdate":false,"showSkybox":true,"showFlares":true,"showImageEffects":true,"showParticleSystems":true},"in2DMode":false,"pivot":{"x":-5.760406494140625,"y":3.9473352432250978,"z":4.528141975402832},"rotation":{"x":0.07250341027975083,"y":-0.7200654149055481,"z":0.07610894739627838,"w":0.685905396938324},"size":9.775728225708008,"orthographic":false}